Gene,Trait,Group,Z_eQTLGen,P,BH_q,Model_SNPs,FDR_significant
ACTB,DR,Candidate,+1.0853,0.278,0.7896,23/23,No
CKAP4,DR,Candidate,+0.9874,0.323,0.7939,633/659,No
DDX5,DR,Candidate,-0.0049,0.996,0.9961,335/367,No
EIF4A1,DR,Candidate,0.219636,0.826154,0.919994,3/3,No
EIF4H,DR,Candidate,-0.7078,0.479,0.8163,150/156,No
GAPDH,DR,Candidate,1.052764,0.292449,0.789613,520/563,No
H2AFV,DR,Candidate,+0.1435,0.886,0.92,248/265,No
HSP90AB1,DR,Candidate,-0.5349,0.593,0.8423,21/21,No
HSP90B1,DR,Candidate,-0.7337,0.463,0.8163,132/135,No
ILF2,DR,Candidate,-0.4272,0.669,0.9035,140/153,No
RNH1,DR,Candidate,+2.3064,0.0211,0.1898,726/898,No
RPL13A,DR,Candidate,+0.8058,0.42,0.8163,575/629,No
RPL23A,DR,Candidate,0.175272,0.860866,0.919994,13/13,No
RPL8,DR,Candidate,-0.5418,0.588,0.8423,1235/1349,No
RPLP0,DR,Candidate,+0.8487,0.396,0.8163,126/133,No
RPS13,DR,Candidate,+1.0726,0.283,0.7896,136/145,No
RPS14,DR,Candidate,+0.2811,0.779,0.92,197/208,No
RPS16,DR,Candidate,-1.0909,0.275,0.7896,386/406,No
RPS18,DR,Candidate,+3.2746,0.00106,0.01429,379/992,Yes
RPS25,DR,Candidate,+1.3203,0.187,0.7896,174/182,No
RPS3,DR,Candidate,+0.1775,0.859,0.92,25/26,No
RPSA,DR,Candidate,-0.2345,0.815,0.92,475/505,No
TUBB,DR,Candidate,+11.8932,0,0,359/1848,Yes
VCP,DR,Candidate,+0.7003,0.484,0.8163,936/985,No
XRCC5,DR,Candidate,-0.6442,0.519,0.825,370/381,No
XRCC6,DR,Candidate,+1.5099,0.131,0.7896,495/512,No
YWHAQ,DR,Candidate,+1.0603,0.289,0.7896,398/422,No
ANXA1,DR,Non-candidate,+0.9302,0.352,0.8196,1572/1635,No
ANXA5,DR,Non-candidate,-0.4271,0.669,0.925,1654/1769,No
C1QBP,DR,Non-candidate,+0.4810,0.631,0.925,56/64,No
CCT3,DR,Non-candidate,-0.9142,0.361,0.8196,545/579,No
DHX9,DR,Non-candidate,0.612823,0.539993,0.845236,44/45,No
EEF2,DR,Non-candidate,+0.2057,0.837,0.9822,188/206,No
EHD4,DR,Non-candidate,+0.7578,0.449,0.8452,1631/1731,No
GNA13,DR,Non-candidate,-2.5287,0.0115,0.2862,196/215,No
HNRNPK,DR,Non-candidate,+1.6920,0.0907,0.7393,1/2,No
HSPB1,DR,Non-candidate,+1.1424,0.253,0.8196,415/427,No
MFAP1,DR,Non-candidate,+0.7329,0.464,0.8452,773/833,No
MYH9,DR,Non-candidate,-0.1988,0.842,0.9822,365/391,No
NCL,DR,Non-candidate,+0.0181,0.986,0.9857,496/515,No
PDIA3,DR,Non-candidate,-0.1708,0.864,0.9822,394/417,No
PDIA6,DR,Non-candidate,+0.6114,0.541,0.8452,565/590,No
PNN,DR,Non-candidate,-1.3888,0.165,0.7393,758/825,No
PUF60,DR,Non-candidate,+0.0213,0.983,0.9857,20/20,No
RPL10A,DR,Non-candidate,+1.3487,0.177,0.7393,1408/1460,No
RPL14,DR,Non-candidate,+0.9782,0.328,0.8196,1335/1441,No
RPL27A,DR,Non-candidate,+0.0179,0.986,0.9857,859/901,No
RPN1,DR,Non-candidate,-0.6499,0.516,0.8452,865/929,No
RPS3A,DR,Non-candidate,+0.3812,0.703,0.925,750/793,No
RPS8,DR,Non-candidate,+1.4321,0.152,0.7393,1424/1541,No
RRBP1,DR,Non-candidate,-1.7992,0.072,0.7393,562/576,No
UBA52,DR,Non-candidate,-0.9256,0.355,0.8196,619/674,No
ARAP1,DR,T2DM control,0.031009,0.975262,0.988935,217/221,No
APPL1,DR,T2DM control,-0.658866,0.509982,0.701893,194/203,No
CAMK1D,DR,T2DM control,+1.4263,0.154,0.4741,1276/1402,No
CDKAL1,DR,T2DM control,+0.2540,0.8,0.9708,779/820,No
DUSP8,DR,T2DM control,-2.3272,0.02,0.1696,298/316,No
FTO,DR,T2DM control,+0.1647,0.869,0.9851,406/415,No
GCK,DR,T2DM control,0.904955,0.365489,0.701893,76/79,No
GRB14,DR,T2DM control,-1.3986,0.162,0.4741,231/239,No
HHEX,DR,T2DM control,-1.3455,0.178,0.4741,1243/1312,No
JAZF1,DR,T2DM control,-1.7956,0.0726,0.4112,816/869,No
KCNJ11,DR,T2DM control,+1.2953,0.195,0.4741,448/467,No
PAM,DR,T2DM control,+0.6629,0.507,0.7019,4670/5032,No
PPARG,DR,T2DM control,-0.8909,0.373,0.7019,1431/1511,No
RREB1,DR,T2DM control,2.331216,0.019742,0.169592,405/438,No
SLC16A11,DR,T2DM control,+0.0139,0.989,0.9889,53/59,No
ST6GAL1,DR,T2DM control,+0.6177,0.537,0.7019,612/669,No
TCF7L2,DR,T2DM control,+0.7203,0.471,0.7019,266/285,No
ACTB,DN,Candidate,-0.1292,0.897,0.9923,23/23,No
CKAP4,DN,Candidate,-0.5800,0.562,0.9209,633/659,No
DDX5,DN,Candidate,+0.4565,0.648,0.9209,335/367,No
EIF4A1,DN,Candidate,-0.571696,0.567528,0.92091,3/3,No
EIF4H,DN,Candidate,+0.3657,0.715,0.9647,150/156,No
GAPDH,DN,Candidate,0.04412,0.964809,0.992334,520/563,No
H2AFV,DN,Candidate,-1.6478,0.0994,0.3833,248/265,No
HSP90AB1,DN,Candidate,+1.5748,0.115,0.3891,21/21,No
HSP90B1,DN,Candidate,+1.7358,0.0826,0.3717,132/135,No
ILF2,DN,Candidate,+0.5767,0.564,0.9209,140/153,No
RNH1,DN,Candidate,+1.1530,0.249,0.6109,726/898,No
RPL13A,DN,Candidate,-1.9158,0.0554,0.3717,575/629,No
RPL23A,DN,Candidate,0.031777,0.97465,0.992334,13/13,No
RPL8,DN,Candidate,+0.4609,0.645,0.9209,1235/1349,No
RPLP0,DN,Candidate,+1.7875,0.0739,0.3717,126/133,No
RPS13,DN,Candidate,-0.0704,0.944,0.9923,136/145,No
RPS14,DN,Candidate,+0.5106,0.61,0.9209,197/208,No
RPS16,DN,Candidate,-0.6343,0.526,0.9209,386/406,No
RPS18,DN,Candidate,+1.2633,0.206,0.5575,379/992,No
RPS25,DN,Candidate,-0.1244,0.901,0.9923,174/182,No
RPS3,DN,Candidate,-0.0096,0.992,0.9923,25/26,No
RPSA,DN,Candidate,+1.7443,0.0811,0.3717,475/505,No
TUBB,DN,Candidate,+9.4965,0,0,359/1848,Yes
VCP,DN,Candidate,+0.0997,0.921,0.9923,936/985,No
XRCC5,DN,Candidate,+1.3060,0.192,0.5575,370/381,No
XRCC6,DN,Candidate,+0.5219,0.602,0.9209,495/512,No
YWHAQ,DN,Candidate,-2.1973,0.028,0.3717,398/422,No
ANXA1,DN,Non-candidate,+0.6555,0.512,0.7926,1572/1635,No
ANXA5,DN,Non-candidate,-0.6453,0.519,0.7926,1654/1769,No
C1QBP,DN,Non-candidate,+2.3945,0.0166,0.208,56/64,No
CCT3,DN,Non-candidate,+1.6147,0.106,0.3324,545/579,No
DHX9,DN,Non-candidate,1.16338,0.244675,0.535928,44/45,No
EEF2,DN,Non-candidate,-0.4009,0.688,0.7926,188/206,No
EHD4,DN,Non-candidate,+0.6114,0.541,0.7926,1631/1731,No
GNA13,DN,Non-candidate,-1.8563,0.0634,0.2875,196/215,No
HNRNPK,DN,Non-candidate,+0.1285,0.898,0.8977,1/2,No
HSPB1,DN,Non-candidate,+1.7478,0.0805,0.2875,415/427,No
MFAP1,DN,Non-candidate,+0.6868,0.492,0.7926,773/833,No
MYH9,DN,Non-candidate,-0.1555,0.876,0.8977,365/391,No
NCL,DN,Non-candidate,-2.7833,0.00538,0.1345,496/515,No
PDIA3,DN,Non-candidate,+0.3462,0.729,0.7926,394/417,No
PDIA6,DN,Non-candidate,+1.0727,0.283,0.545,565/590,No
PNN,DN,Non-candidate,-1.9490,0.0513,0.2875,758/825,No
PUF60,DN,Non-candidate,-0.4883,0.625,0.7926,20/20,No
RPL10A,DN,Non-candidate,+1.4392,0.15,0.417,1408/1460,No
RPL14,DN,Non-candidate,-0.3705,0.711,0.7926,1335/1441,No
RPL27A,DN,Non-candidate,+1.1329,0.257,0.5359,859/901,No
RPN1,DN,Non-candidate,+0.4336,0.665,0.7926,865/929,No
RPS3A,DN,Non-candidate,-0.4892,0.625,0.7926,750/793,No
RPS8,DN,Non-candidate,+1.7561,0.0791,0.2875,1424/1541,No
RRBP1,DN,Non-candidate,-2.0907,0.0366,0.2875,562/576,No
UBA52,DN,Non-candidate,-1.1336,0.257,0.5359,619/674,No
ARAP1,DN,T2DM control,-0.141033,0.887844,0.946658,217/221,No
APPL1,DN,T2DM control,-0.37483,0.707787,0.946658,194/203,No
CAMK1D,DN,T2DM control,+0.8791,0.379,0.9467,1276/1402,No
CDKAL1,DN,T2DM control,-0.3376,0.736,0.9467,779/820,No
DUSP8,DN,T2DM control,-1.9164,0.0553,0.4702,298/316,No
FTO,DN,T2DM control,+1.4148,0.157,0.8904,406/415,No
GCK,DN,T2DM control,-0.127594,0.89847,0.946658,76/79,No
GRB14,DN,T2DM control,+0.2421,0.809,0.9467,231/239,No
HHEX,DN,T2DM control,-1.9269,0.054,0.4702,1243/1312,No
JAZF1,DN,T2DM control,-0.0669,0.947,0.9467,816/869,No
KCNJ11,DN,T2DM control,-0.0696,0.945,0.9467,448/467,No
PAM,DN,T2DM control,+0.2072,0.836,0.9467,4670/5032,No
PPARG,DN,T2DM control,+1.1245,0.261,0.9467,1431/1511,No
RREB1,DN,T2DM control,0.890898,0.372984,0.946658,405/438,No
SLC16A11,DN,T2DM control,-0.3285,0.743,0.9467,53/59,No
ST6GAL1,DN,T2DM control,-0.6575,0.511,0.9467,612/669,No
TCF7L2,DN,T2DM control,-0.3551,0.723,0.9467,266/285,No
ACTB,DPN,Candidate,+0.1379,0.89,0.8903,23/23,No
CKAP4,DPN,Candidate,-0.2633,0.792,0.851,633/659,No
DDX5,DPN,Candidate,+0.9599,0.337,0.5664,335/367,No
EIF4A1,DPN,Candidate,1.310752,0.189942,0.441489,3/3,No
EIF4H,DPN,Candidate,-1.3462,0.178,0.4415,150/156,No
GAPDH,DPN,Candidate,1.602742,0.108992,0.395541,520/563,No
H2AFV,DPN,Candidate,+0.8959,0.37,0.5664,248/265,No
HSP90AB1,DPN,Candidate,-0.8823,0.378,0.5664,21/21,No
HSP90B1,DPN,Candidate,+1.5666,0.117,0.3955,132/135,No
ILF2,DPN,Candidate,-1.1208,0.262,0.5449,140/153,No
RNH1,DPN,Candidate,+1.6135,0.107,0.3955,726/898,No
RPL13A,DPN,Candidate,+0.5993,0.549,0.6737,575/629,No
RPL23A,DPN,Candidate,-0.479034,0.631914,0.741813,13/13,No
RPL8,DPN,Candidate,-1.8998,0.0575,0.3879,1235/1349,No
RPLP0,DPN,Candidate,+0.8213,0.411,0.5848,126/133,No
RPS13,DPN,Candidate,+1.9843,0.0472,0.3879,136/145,No
RPS14,DPN,Candidate,+0.6243,0.532,0.6737,197/208,No
RPS16,DPN,Candidate,+1.2924,0.196,0.4415,386/406,No
RPS18,DPN,Candidate,+3.3627,0.000772,0.01042,379/992,Yes
RPS25,DPN,Candidate,+1.0213,0.307,0.5664,174/182,No
RPS3,DPN,Candidate,-0.9753,0.329,0.5664,25/26,No
RPSA,DPN,Candidate,+0.2282,0.82,0.851,475/505,No
TUBB,DPN,Candidate,+7.7601,0,0,359/1848,Yes
VCP,DPN,Candidate,-0.2839,0.776,0.851,936/985,No
XRCC5,DPN,Candidate,+1.7909,0.0733,0.3955,370/381,No
XRCC6,DPN,Candidate,+0.7036,0.482,0.6503,495/512,No
YWHAQ,DPN,Candidate,-1.3663,0.172,0.4415,398/422,No
ANXA1,DPN,Non-candidate,+2.3983,0.0165,0.2059,1572/1635,No
ANXA5,DPN,Non-candidate,-0.0080,0.994,0.9936,1654/1769,No
C1QBP,DPN,Non-candidate,+0.7858,0.432,0.9213,56/64,No
CCT3,DPN,Non-candidate,+1.2878,0.198,0.9213,545/579,No
DHX9,DPN,Non-candidate,-0.487635,0.625809,0.921278,44/45,No
EEF2,DPN,Non-candidate,+1.0777,0.281,0.9213,188/206,No
EHD4,DPN,Non-candidate,+0.3851,0.7,0.9213,1631/1731,No
GNA13,DPN,Non-candidate,+0.4493,0.653,0.9213,196/215,No
HNRNPK,DPN,Non-candidate,-1.0095,0.313,0.9213,1/2,No
HSPB1,DPN,Non-candidate,+1.1415,0.254,0.9213,415/427,No
MFAP1,DPN,Non-candidate,-0.2832,0.777,0.9713,773/833,No
MYH9,DPN,Non-candidate,+0.5840,0.559,0.9213,365/391,No
NCL,DPN,Non-candidate,+0.5997,0.549,0.9213,496/515,No
PDIA3,DPN,Non-candidate,-0.0298,0.976,0.9936,394/417,No
PDIA6,DPN,Non-candidate,+0.7082,0.479,0.9213,565/590,No
PNN,DPN,Non-candidate,-2.8258,0.00472,0.1179,758/825,No
PUF60,DPN,Non-candidate,+0.4890,0.625,0.9213,20/20,No
RPL10A,DPN,Non-candidate,+1.0794,0.28,0.9213,1408/1460,No
RPL14,DPN,Non-candidate,-0.4424,0.658,0.9213,1335/1441,No
RPL27A,DPN,Non-candidate,+0.1164,0.907,0.9936,859/901,No
RPN1,DPN,Non-candidate,-0.0260,0.979,0.9936,865/929,No
RPS3A,DPN,Non-candidate,+0.7077,0.479,0.9213,750/793,No
RPS8,DPN,Non-candidate,+0.1801,0.857,0.9936,1424/1541,No
RRBP1,DPN,Non-candidate,-0.3937,0.694,0.9213,562/576,No
UBA52,DPN,Non-candidate,-0.4188,0.675,0.9213,619/674,No
ARAP1,DPN,T2DM control,0.295063,0.767945,0.932505,217/221,No
APPL1,DPN,T2DM control,-0.561952,0.574148,0.888535,194/203,No
CAMK1D,DPN,T2DM control,-1.2968,0.195,0.6619,1276/1402,No
CDKAL1,DPN,T2DM control,-1.3248,0.185,0.6619,779/820,No
DUSP8,DPN,T2DM control,+0.1323,0.895,0.9507,298/316,No
FTO,DPN,T2DM control,+0.8126,0.416,0.8849,406/415,No
GCK,DPN,T2DM control,0.042025,0.966479,0.966479,76/79,No
GRB14,DPN,T2DM control,-1.0130,0.311,0.7554,231/239,No
HHEX,DPN,T2DM control,-1.6314,0.103,0.6619,1243/1312,No
JAZF1,DPN,T2DM control,-0.7213,0.471,0.8885,816/869,No
KCNJ11,DPN,T2DM control,+1.1103,0.267,0.7554,448/467,No
PAM,DPN,T2DM control,-1.5088,0.131,0.6619,4670/5032,No
PPARG,DPN,T2DM control,+0.3804,0.704,0.9201,1431/1511,No
RREB1,DPN,T2DM control,2.074862,0.037999,0.645989,405/438,No
SLC16A11,DPN,T2DM control,-0.4857,0.627,0.8885,53/59,No
ST6GAL1,DPN,T2DM control,-0.1789,0.858,0.9507,612/669,No
TCF7L2,DPN,T2DM control,+0.5323,0.595,0.8885,266/285,No
ANKRD40,DR,Housekeeping,-0.6222,0.534,0.6005,130/137,No
ANKRD40,DN,Housekeeping,-0.7890,0.43,0.8652,130/137,No
ANKRD40,DPN,Housekeeping,+0.7625,0.446,0.9258,130/137,No
AP3M1,DR,Housekeeping,+1.1101,0.267,0.5148,823/863,No
AP3M1,DN,Housekeeping,+1.2205,0.222,0.8652,823/863,No
AP3M1,DPN,Housekeeping,+1.0459,0.296,0.8868,823/863,No
CFDP1,DR,Housekeeping,-0.6736,0.501,0.6005,1317/1387,No
CFDP1,DN,Housekeeping,-0.2169,0.828,0.9556,1317/1387,No
CFDP1,DPN,Housekeeping,-0.1713,0.864,0.9871,1317/1387,No
CUL1,DR,Housekeeping,-1.4482,0.148,0.4427,261/275,No
CUL1,DN,Housekeeping,-0.8651,0.387,0.8652,261/275,No
CUL1,DPN,Housekeeping,-1.0656,0.287,0.8868,261/275,No
DCTN2,DR,Housekeeping,+3.3739,0.000741,0.02001,219/233,Yes
DCTN2,DN,Housekeeping,-0.4771,0.633,0.9152,219/233,No
DCTN2,DPN,Housekeeping,+1.9087,0.0563,0.3666,219/233,No
DNAJC4,DR,Housekeeping,-3.0933,0.00198,0.02672,94/95,Yes
DNAJC4,DN,Housekeeping,-1.6018,0.109,0.8652,94/95,No
DNAJC4,DPN,Housekeeping,-0.3537,0.724,0.9871,94/95,No
E2F4,DR,Housekeeping,-0.9737,0.33,0.5572,885/933,No
E2F4,DN,Housekeeping,+0.1271,0.899,0.9603,885/933,No
E2F4,DPN,Housekeeping,+0.1772,0.859,0.9871,885/933,No
FIBP,DR,Housekeeping,+0.2953,0.768,0.8048,915/986,No
FIBP,DN,Housekeeping,+1.4528,0.146,0.8652,915/986,No
FIBP,DPN,Housekeeping,-0.8226,0.411,0.9258,915/986,No
GOLGA3,DR,Housekeeping,-1.6470,0.0996,0.384,778/947,No
GOLGA3,DN,Housekeeping,-0.9432,0.346,0.8652,778/947,No
GOLGA3,DPN,Housekeeping,+0.0872,0.93,0.9871,778/947,No
KDM4B,DR,Housekeeping,+1.1685,0.243,0.5148,658/706,No
KDM4B,DN,Housekeeping,-1.5791,0.114,0.8652,658/706,No
KDM4B,DPN,Housekeeping,+2.0659,0.0388,0.3495,658/706,No
LSM12,DR,Housekeeping,-2.1448,0.032,0.2158,87/90,No
LSM12,DN,Housekeeping,-0.7719,0.44,0.8652,87/90,No
LSM12,DPN,Housekeeping,-1.0927,0.275,0.8868,87/90,No
MAPK1IP1L,DR,Housekeeping,+0.6272,0.531,0.6005,80/88,No
MAPK1IP1L,DN,Housekeeping,+0.4099,0.682,0.9206,80/88,No
MAPK1IP1L,DPN,Housekeeping,-0.4014,0.688,0.9871,80/88,No
MCMBP,DR,Housekeeping,-1.1232,0.261,0.5148,1479/1577,No
MCMBP,DN,Housekeeping,+0.7577,0.449,0.8652,1479/1577,No
MCMBP,DPN,Housekeeping,-0.7763,0.438,0.9258,1479/1577,No
PSMC1,DR,Housekeeping,+1.2185,0.223,0.5148,155/159,No
PSMC1,DN,Housekeeping,+0.7993,0.424,0.8652,155/159,No
PSMC1,DPN,Housekeeping,+0.9602,0.337,0.9097,155/159,No
RABGGTB,DR,Housekeeping,+0.9838,0.325,0.5572,1150/1238,No
RABGGTB,DN,Housekeeping,+0.8708,0.384,0.8652,1150/1238,No
RABGGTB,DPN,Housekeeping,+2.2224,0.0263,0.3495,1150/1238,No
RNF181,DR,Housekeeping,+0.7718,0.44,0.6005,150/155,No
RNF181,DN,Housekeeping,-0.6393,0.523,0.882,150/155,No
RNF181,DPN,Housekeeping,+0.3293,0.742,0.9871,150/155,No
RNPS1,DR,Housekeeping,-0.0256,0.98,0.9796,246/261,No
RNPS1,DN,Housekeeping,-0.0077,0.994,0.9938,246/261,No
RNPS1,DPN,Housekeeping,+0.3570,0.721,0.9871,246/261,No
SDF4,DR,Housekeeping,+0.8032,0.422,0.6005,502/575,No
SDF4,DN,Housekeeping,+1.3708,0.17,0.8652,502/575,No
SDF4,DPN,Housekeeping,+2.4872,0.0129,0.3477,502/575,No
SDHAF2,DR,Housekeeping,+1.7908,0.0733,0.3299,17/17,No
SDHAF2,DN,Housekeeping,+0.0945,0.925,0.9603,17/17,No
SDHAF2,DPN,Housekeeping,+0.4662,0.641,0.9871,17/17,No
SEC13,DR,Housekeeping,+0.6755,0.499,0.6005,1317/1420,No
SEC13,DN,Housekeeping,+0.2355,0.814,0.9556,1317/1420,No
SEC13,DPN,Housekeeping,-1.5408,0.123,0.5551,1317/1420,No
SPRYD3,DR,Housekeeping,+2.5070,0.0122,0.1096,372/392,No
SPRYD3,DN,Housekeeping,+0.2163,0.829,0.9556,372/392,No
SPRYD3,DPN,Housekeeping,-0.0276,0.978,0.9871,372/392,No
SRM,DR,Housekeeping,-1.2779,0.201,0.5148,39/39,No
SRM,DN,Housekeeping,+0.6406,0.522,0.882,39/39,No
SRM,DPN,Housekeeping,+1.8257,0.0679,0.3666,39/39,No
STX4,DR,Housekeeping,-0.8860,0.376,0.5966,1025/1112,No
STX4,DN,Housekeeping,-1.3630,0.173,0.8652,1025/1112,No
STX4,DPN,Housekeeping,+0.0162,0.987,0.9871,1025/1112,No
TOMM20,DR,Housekeeping,-1.4582,0.145,0.4427,238/252,No
TOMM20,DN,Housekeeping,-0.1898,0.849,0.9556,238/252,No
TOMM20,DPN,Housekeeping,-0.2941,0.769,0.9871,238/252,No
TRIP12,DR,Housekeeping,-0.2859,0.775,0.8048,506/538,No
TRIP12,DN,Housekeeping,+0.4621,0.644,0.9152,506/538,No
TRIP12,DPN,Housekeeping,+0.1320,0.895,0.9871,506/538,No
TUT1,DR,Housekeeping,+1.9343,0.0531,0.2866,99/106,No
TUT1,DN,Housekeeping,+1.0742,0.283,0.8652,99/106,No
TUT1,DPN,Housekeeping,+0.2778,0.781,0.9871,99/106,No
U2AF2,DR,Housekeeping,-0.7082,0.479,0.6005,95/98,No
U2AF2,DN,Housekeeping,-0.4814,0.63,0.9152,95/98,No
U2AF2,DPN,Housekeeping,-0.4191,0.675,0.9871,95/98,No
