Gene,Trait,Z_Nerve_Tibial,Z_Whole_Blood,Z_multi_tissue,P_Stouffer,FDR_q_Stouffer,P_ACAT_O,FDR_q_ACAT_O,n_Tissues
ACTB,DR,-1.0831,-1.3793,-1.750,0.0801,0.4923,0.2085,0.7963,2
ANXA1,DR,-0.9612,0.4283,-0.320,0.7492,0.9352,0.5138,0.9909,2
ANXA5,DR,-0.0283,-0.2936,-0.238,0.8119,0.9352,0.9563,0.9951,2
APPL1,DR,-2.4075,,-2.408,0.0161,0.1482,0.0161,0.1482,1
ARAP1,DR,-0.9056,,-0.906,0.3652,0.5456,0.3652,0.6939,1
C1QBP,DR,-0.1081,0.2702,0.130,0.8967,0.9352,0.8728,0.9951,2
CAMK1D,DR,2.2801,2.6809,3.518,0.0004,0.0076,0.0108,0.1482,2
CCT3,DR,-2.4222,-0.6175,-2.072,0.0382,0.2063,0.0329,0.3490,2
CDKAL1,DR,-0.9576,1.1293,0.206,0.8368,0.9352,0.2926,0.6838,2
CKAP4,DR,-0.5622,0.9157,0.310,0.7568,0.9285,0.4565,0.7963,2
DDX5,DR,0.7553,0.7553,1.066,0.2862,0.6678,0.4501,0.7963,2
DHX9,DR,0.2577,,0.258,0.7966,0.9352,0.7966,0.9951,1
DUSP8,DR,-1.3124,0.7725,-0.296,0.7669,0.9107,0.2857,0.6838,2
EEF2,DR,-0.6376,0.3946,-0.130,0.8969,0.9352,0.6217,0.9951,2
EHD4,DR,1.1782,1.7641,2.101,0.0356,0.2063,0.1157,0.5206,2
EIF4A1,DR,1.3906,,1.391,0.1643,0.5751,0.1643,0.7963,1
EIF4H,DR,,-0.7884,-0.788,0.4305,0.7272,0.4305,0.7963,1
FTO,DR,-0.0077,1.2969,0.963,0.3355,0.5456,0.9866,0.9918,2
GAPDH,DR,0.6594,,0.659,0.5096,0.7272,0.5096,0.7963,1
GCK,DR,0.7256,,0.726,0.4681,0.6353,0.4681,0.7170,1
GCKR,DR,0.6387,0.6387,0.902,0.3671,0.5456,0.5230,0.7170,2
GNA13,DR,,-1.6684,-1.668,0.0952,0.3672,0.0952,0.5141,1
GRB14,DR,-0.3696,0.4047,0.056,0.9551,0.9551,0.6983,0.8292,2
H2AFV,DR,0.5624,1.2000,1.270,0.2041,0.5987,0.3555,0.7963,2
HHEX,DR,0.6306,0.6306,0.890,0.3733,0.5456,0.5283,0.7170,2
HNRNPA3,DR,0.6559,,0.656,0.5119,0.7272,0.5119,0.7963,1
HSP90AB1,DR,0.4651,-0.6445,-0.172,0.8636,0.9300,0.5801,0.8121,2
HSP90B1,DR,1.2567,-0.0348,0.810,0.4179,0.7272,0.9421,0.9631,2
HSPB1,DR,,1.3411,1.341,0.1799,0.5397,0.1799,0.6939,1
HSPD1,DR,,-0.0062,-0.006,0.9951,0.9951,0.9951,0.9951,1
JAZF1,DR,0.0048,-1.2179,-0.906,0.3649,0.5456,0.9918,0.9918,2
KCNJ11,DR,0.1591,1.0736,0.907,0.3642,0.5456,0.6932,0.8292,2
KLF14,DR,,1.1653,1.165,0.2439,0.5456,0.2439,0.6838,1
MFAP1,DR,,0.6662,0.666,0.5053,0.9095,0.5053,0.9909,1
MYH9,DR,0.8814,,0.881,0.3781,0.8507,0.3781,0.8507,1
NCL,DR,,-1.1251,-1.125,0.2606,0.6397,0.2606,0.7036,1
PAM,DR,,0.1221,0.122,0.9028,0.9530,0.9028,0.9918,1
PCBP2,DR,,0.1740,0.174,0.8619,0.9352,0.8619,0.9951,1
PDIA3,DR,4.1658,0.4012,3.071,0.0021,0.0513,0.0001,0.0027,2
PDIA6,DR,,0.1250,0.125,0.9006,0.9352,0.9006,0.9951,1
PNN,DR,-2.0162,-1.8684,-2.736,0.0062,0.0558,0.0517,0.3490,2
PPARG,DR,-0.6404,-1.6878,-1.686,0.0918,0.4361,0.1647,0.6838,2
PROX1,DR,-1.2577,,-1.258,0.2085,0.5456,0.2085,0.6838,1
PUF60,DR,1.1947,1.1947,1.687,0.0916,0.3672,0.2322,0.7036,2
RNH1,DR,2.6675,2.3198,3.507,0.0005,0.0140,0.0114,0.3192,2
RPL10A,DR,-0.0401,-1.9510,-1.483,0.1380,0.4658,0.8034,0.9951,2
RPL13A,DR,-0.2165,,-0.217,0.8286,0.9300,0.8286,0.9280,1
RPL14,DR,-0.7517,0.9996,0.246,0.8055,0.9352,0.3754,0.8507,2
RPL23A,DR,0.7170,,0.717,0.4734,0.7272,0.4734,0.7963,1
RPL27A,DR,0.5064,0.0225,0.354,0.7236,0.9352,0.9667,0.9951,2
RPL5,DR,,0.6047,0.605,0.5454,0.7272,0.5454,0.8037,1
RPL7,DR,1.1520,,1.152,0.2493,0.6397,0.2493,0.7036,1
RPL8,DR,-0.8407,-0.8407,-1.187,0.2352,0.5987,0.4005,0.7963,2
RPLP0,DR,0.7036,1.2856,1.428,0.1533,0.5751,0.2928,0.7963,2
RPN1,DR,-0.1762,-0.8341,-0.740,0.4593,0.8858,0.7221,0.9951,2
RPS13,DR,-0.0306,-0.0848,-0.084,0.9333,0.9473,0.9631,0.9631,2
RPS14,DR,-0.1308,0.2050,0.066,0.9473,0.9473,0.8711,0.9381,2
RPS16,DR,-0.1104,-0.7542,-0.637,0.5244,0.7272,0.8203,0.9280,2
RPS18,DR,1.1308,1.1605,1.619,0.1055,0.4923,0.2515,0.7963,2
RPS25,DR,1.8604,1.3877,2.274,0.0230,0.3220,0.0941,0.7963,2
RPS3,DR,-0.3020,,-0.302,0.7627,0.9285,0.7627,0.9280,1
RPS3A,DR,-0.3475,,-0.348,0.7282,0.9352,0.7282,0.9951,1
RPS8,DR,2.0500,2.0500,2.894,0.0038,0.0513,0.0404,0.3490,2
RPSA,DR,0.8559,0.1876,0.709,0.4781,0.7272,0.7300,0.9280,2
RRBP1,DR,0.6996,0.3871,0.754,0.4506,0.8858,0.6093,0.9951,2
RREB1,DR,2.2664,,2.266,0.0234,0.1482,0.0234,0.1482,1
SLC16A11,DR,-0.9865,,-0.987,0.3239,0.5456,0.3239,0.6838,1
ST6GAL1,DR,1.0556,-0.4508,0.366,0.7146,0.9052,0.4718,0.7170,2
TUBB,DR,0.8519,0.8519,1.203,0.2290,0.5987,0.3943,0.7963,2
UBA52,DR,0.2999,0.2893,0.415,0.6778,0.9352,0.7686,0.9951,2
VCP,DR,0.6872,1.5943,1.647,0.0995,0.4923,0.1903,0.7963,2
XRCC5,DR,0.4987,0.3823,0.617,0.5371,0.7272,0.6657,0.8876,2
XRCC6,DR,0.8255,-1.0005,-0.198,0.8432,0.9300,0.3573,0.7963,2
YWHAQ,DR,,2.0398,2.040,0.0414,0.3864,0.0414,0.5796,1
ACTB,DN,-0.9758,-0.7240,-1.190,0.2342,0.4372,0.3980,0.6965,2
ANXA1,DN,-1.7069,0.4188,-0.823,0.4106,0.9202,0.2042,0.8670,2
ANXA5,DN,-2.0026,1.4927,-0.218,0.8276,0.9202,0.0702,0.8167,2
APPL1,DN,0.4144,,0.414,0.6786,0.7854,0.6786,0.8097,1
ARAP1,DN,-0.7294,,-0.729,0.4657,0.7854,0.4657,0.8059,1
C1QBP,DN,-1.0134,-0.8598,-1.316,0.1881,0.9202,0.3502,0.8670,2
CAMK1D,DN,1.1399,1.9959,2.248,0.0245,0.2328,0.0762,0.7239,2
CCT3,DN,-0.2938,1.5906,0.992,0.3211,0.9202,0.2644,0.8670,2
CDKAL1,DN,-0.7526,1.5564,0.661,0.5084,0.7854,0.1961,0.7400,2
CKAP4,DN,0.7170,-0.8471,-0.155,0.8765,0.9131,0.4320,0.7115,2
DDX5,DN,0.9727,0.9727,1.373,0.1696,0.3732,0.3307,0.6339,2
DHX9,DN,0.4927,,0.493,0.6223,0.9202,0.6223,0.8843,1
DUSP8,DN,-0.7228,-0.4796,-0.839,0.4015,0.7854,0.5588,0.8097,2
EEF2,DN,-0.2521,-0.0252,-0.187,0.8520,0.9202,0.9648,0.9648,2
EHD4,DN,-0.5039,0.1790,-0.202,0.8402,0.9202,0.7891,0.9384,2
EIF4A1,DN,0.0032,,0.003,0.9974,0.9974,0.9974,0.9974,1
EIF4H,DN,,-0.2986,-0.299,0.7653,0.8742,0.7653,0.9106,1
FTO,DN,0.5891,2.6540,2.373,0.0176,0.2328,0.0151,0.2869,2
GAPDH,DN,-0.2787,,-0.279,0.7805,0.8742,0.7805,0.9106,1
GCK,DN,-0.8682,,-0.868,0.3853,0.7854,0.3853,0.8059,1
GCKR,DN,0.8437,0.8437,1.191,0.2336,0.7854,0.3988,0.8059,2
GNA13,DN,,-1.5506,-1.551,0.1210,0.8167,0.1210,0.8167,1
GRB14,DN,-0.5620,0.8851,0.287,0.7742,0.7854,0.4666,0.8059,2
H2AFV,DN,-2.4160,-1.6988,-2.876,0.0040,0.0373,0.0279,0.2478,2
HHEX,DN,0.3598,0.3608,0.509,0.6109,0.7854,0.7186,0.8097,2
HNRNPA3,DN,2.1037,,2.104,0.0354,0.1436,0.0354,0.2478,1
HSP90AB1,DN,1.7970,0.8241,1.811,0.0702,0.2184,0.1363,0.4240,2
HSP90B1,DN,2.1519,2.4105,3.231,0.0012,0.0168,0.0208,0.2478,2
HSPB1,DN,,0.6347,0.635,0.5256,0.9202,0.5256,0.8670,1
HSPD1,DN,,-1.2348,-1.235,0.2169,0.9202,0.2169,0.8670,1
JAZF1,DN,1.6026,-0.6996,0.544,0.5865,0.7854,0.2032,0.7400,2
KCNJ11,DN,0.2019,0.1847,0.272,0.7854,0.7854,0.8474,0.8580,2
KLF14,DN,,0.4250,0.425,0.6709,0.7854,0.6709,0.8097,1
MFAP1,DN,,0.6394,0.639,0.5226,0.9202,0.5226,0.8670,1
MYH9,DN,-0.2060,,-0.206,0.8368,0.9202,0.8368,0.9414,1
NCL,DN,,-0.9085,-0.909,0.3636,0.9202,0.3636,0.8670,1
PAM,DN,,-0.3525,-0.352,0.7245,0.7854,0.7245,0.8097,1
PCBP2,DN,,-0.2874,-0.287,0.7738,0.9202,0.7738,0.9384,1
PDIA3,DN,2.4234,0.3797,1.896,0.0580,0.7830,0.0339,0.8167,2
PDIA6,DN,,0.6169,0.617,0.5373,0.9202,0.5373,0.8670,1
PNN,DN,-1.0931,0.4956,-0.357,0.7209,0.9202,0.4389,0.8670,2
PPARG,DN,-1.3199,0.0745,-0.822,0.4108,0.7854,0.8580,0.8580,2
PROX1,DN,-1.1923,,-1.192,0.2331,0.7854,0.2331,0.7400,1
PUF60,DN,0.6620,0.6620,0.935,0.3500,0.9202,0.5080,0.8670,2
RNH1,DN,1.6965,1.2991,2.099,0.0359,0.1436,0.1264,0.4240,2
RPL10A,DN,0.6823,-0.7784,-0.127,0.8988,0.9334,0.4637,0.8670,2
RPL13A,DN,-0.5289,,-0.529,0.5969,0.8357,0.5969,0.9106,1
RPL14,DN,-0.3034,-0.0405,-0.232,0.8165,0.9202,0.9447,0.9648,2
RPL23A,DN,0.3328,,0.333,0.7393,0.8742,0.7393,0.9106,1
RPL27A,DN,-0.0484,0.3504,0.229,0.8185,0.9202,0.9276,0.9648,2
RPL5,DN,,-1.0478,-1.048,0.2947,0.5157,0.2947,0.6339,1
RPL7,DN,0.3240,,0.324,0.7459,0.9202,0.7459,0.9384,1
RPL8,DN,0.4956,0.4956,0.700,0.4841,0.7134,0.6202,0.9106,2
RPLP0,DN,1.4759,1.3766,2.010,0.0445,0.1557,0.1539,0.4309,2
RPN1,DN,0.1621,0.4534,0.446,0.6553,0.9202,0.7994,0.9384,2
RPS13,DN,-0.0672,-0.3268,-0.289,0.7728,0.8742,0.9058,0.9393,2
RPS14,DN,1.8962,1.6622,2.502,0.0123,0.0861,0.0735,0.4116,2
RPS16,DN,-0.1832,-0.9339,-0.819,0.4127,0.6797,0.6924,0.9106,2
RPS18,DN,1.5569,1.5978,2.229,0.0258,0.1436,0.1143,0.4240,2
RPS25,DN,0.0765,-0.5039,-0.325,0.7450,0.8742,0.8842,0.9393,2
RPS3,DN,-1.7027,,-1.703,0.0886,0.2481,0.0886,0.4135,1
RPS3A,DN,0.6039,,0.604,0.5459,0.9202,0.5459,0.8670,1
RPS8,DN,1.6484,1.6484,2.327,0.0199,0.5373,0.0993,0.8167,2
RPSA,DN,0.5790,1.2531,1.321,0.1866,0.3732,0.3310,0.6339,2
RRBP1,DN,-0.5864,0.4897,-0.025,0.9804,0.9804,0.5939,0.8843,2
RREB1,DN,0.4433,,0.443,0.6576,0.7854,0.6576,0.8097,1
SLC16A11,DN,-1.0676,,-1.068,0.2857,0.7854,0.2857,0.7755,1
ST6GAL1,DN,0.4298,-1.5702,-0.886,0.3754,0.7854,0.2337,0.7400,2
TUBB,DN,0.9550,0.9550,1.348,0.1776,0.3732,0.3396,0.6339,2
UBA52,DN,1.2221,1.1654,1.683,0.0924,0.8167,0.2330,0.8670,2
VCP,DN,0.9447,1.3274,1.619,0.1053,0.2680,0.2410,0.6135,2
XRCC5,DN,3.0297,7.6053,7.694,0.0000,0.0000,0.0000,0.0000,2
XRCC6,DN,-0.2325,-0.7607,-0.723,0.4699,0.7134,0.6798,0.9106,2
YWHAQ,DN,,0.1504,0.150,0.8805,0.9131,0.8805,0.9393,1
ACTB,DPN,0.3792,0.4605,0.596,0.5511,0.9538,0.6748,0.9538,2
ANXA1,DPN,-1.5358,2.6286,0.941,0.3468,0.8347,0.0153,0.2065,2
ANXA5,DPN,2.0683,-1.6571,0.139,0.8896,0.9067,0.0569,0.3073,2
APPL1,DPN,-3.0847,,-3.085,0.0020,0.0380,0.0020,0.0380,1
ARAP1,DPN,0.6340,,0.634,0.5261,0.8569,0.5261,0.8330,1
C1QBP,DPN,-1.5191,-1.1547,-1.873,0.0611,0.5499,0.1747,0.6517,2
CAMK1D,DPN,1.2010,-1.5776,-0.379,0.7048,0.8569,0.1515,0.5998,2
CCT3,DPN,-2.3070,1.3068,-0.559,0.5761,0.8559,0.0402,0.2713,2
CDKAL1,DPN,-0.8554,0.1735,-0.440,0.6603,0.8569,0.7466,0.8344,2
CKAP4,DPN,2.1322,1.4793,2.523,0.0116,0.0861,0.0556,0.5189,2
DDX5,DPN,-0.6922,-0.6922,-0.977,0.3284,0.9195,0.4888,0.9538,2
DHX9,DPN,0.9907,,0.991,0.3218,0.8347,0.3218,0.7706,1
DUSP8,DPN,0.8955,0.3604,0.865,0.3872,0.8569,0.5721,0.8344,2
EEF2,DPN,0.2861,0.9432,0.895,0.3710,0.8347,0.5846,0.9222,2
EHD4,DPN,-0.8945,-1.5206,-1.730,0.0836,0.5643,0.1931,0.6517,2
EIF4A1,DPN,0.1438,,0.144,0.8857,0.9538,0.8857,0.9538,1
EIF4H,DPN,,-0.1722,-0.172,0.8633,0.9538,0.8633,0.9538,1
FTO,DPN,-1.5979,0.8393,-0.436,0.6625,0.8569,0.1894,0.5998,2
GAPDH,DPN,0.0229,,0.023,0.9817,0.9817,0.9817,0.9899,1
GCK,DPN,0.0153,,0.015,0.9878,0.9878,0.9878,0.9925,1
GCKR,DPN,-0.3465,-0.3465,-0.489,0.6247,0.8569,0.7290,0.8344,2
GNA13,DPN,,0.9492,0.949,0.3425,0.8347,0.3425,0.7706,1
GRB14,DPN,0.9348,-0.7772,0.042,0.9668,0.9878,0.3939,0.6816,2
H2AFV,DPN,1.2834,-0.1319,0.755,0.4501,0.9538,0.7321,0.9538,2
HHEX,DPN,0.8827,0.8826,1.246,0.2127,0.7945,0.3774,0.6816,2
HNRNPA3,DPN,0.5814,,0.581,0.5610,0.9538,0.5610,0.9538,1
HSP90AB1,DPN,0.6933,-0.8636,-0.184,0.8543,0.9538,0.4335,0.9538,2
HSP90B1,DPN,0.1961,1.5825,1.312,0.1895,0.6633,0.3443,0.9538,2
HSPB1,DPN,,0.3664,0.366,0.7140,0.9067,0.7140,0.9222,1
HSPD1,DPN,,-0.6920,-0.692,0.4889,0.8559,0.4889,0.9222,1
JAZF1,DPN,0.2777,-0.4589,-0.158,0.8746,0.9775,0.7216,0.8344,2
KCNJ11,DPN,0.0044,0.4733,0.356,0.7216,0.8569,0.9925,0.9925,2
KLF14,DPN,,-0.4325,-0.433,0.6654,0.8569,0.6654,0.8344,1
MFAP1,DPN,,-0.2318,-0.232,0.8167,0.9067,0.8167,0.9222,1
MYH9,DPN,-0.5211,,-0.521,0.6023,0.8559,0.6023,0.9222,1
NCL,DPN,,-0.1861,-0.186,0.8524,0.9067,0.8524,0.9222,1
PAM,DPN,,-0.8514,-0.851,0.3946,0.8569,0.3946,0.6816,1
PCBP2,DPN,,0.1841,0.184,0.8539,0.9067,0.8539,0.9222,1
PDIA3,DPN,3.0681,0.3712,2.318,0.0204,0.2754,0.0046,0.1242,2
PDIA6,DPN,,0.1230,0.123,0.9021,0.9067,0.9021,0.9353,1
PNN,DPN,-2.4903,-1.2648,-2.601,0.0093,0.2511,0.0255,0.2295,2
PPARG,DPN,-0.7231,-2.0031,-1.977,0.0481,0.3046,0.0830,0.5257,2
PROX1,DPN,-1.3747,,-1.375,0.1692,0.7945,0.1692,0.5998,1
PUF60,DPN,1.0265,1.0265,1.449,0.1473,0.6628,0.3047,0.7706,2
RNH1,DPN,1.6305,1.4932,2.200,0.0278,0.1297,0.1180,0.5507,2
RPL10A,DPN,0.0363,-0.9727,-0.702,0.4826,0.8559,0.9353,0.9353,2
RPL13A,DPN,0.2189,,0.219,0.8268,0.9538,0.8268,0.9538,1
RPL14,DPN,-0.6454,-0.3030,-0.656,0.5120,0.8559,0.6714,0.9222,2
RPL23A,DPN,1.1591,,1.159,0.2464,0.7666,0.2464,0.8624,1
RPL27A,DPN,-0.4699,-0.1636,-0.435,0.6637,0.8960,0.8069,0.9222,2
RPL5,DPN,,0.2809,0.281,0.7788,0.9538,0.7788,0.9538,1
RPL7,DPN,-0.5307,,-0.531,0.5956,0.8559,0.5956,0.9222,1
RPL8,DPN,-1.6770,-1.6770,-2.368,0.0179,0.1002,0.0935,0.5236,2
RPLP0,DPN,0.4207,0.5519,0.692,0.4890,0.9538,0.6277,0.9538,2
RPN1,DPN,1.4005,0.8374,1.557,0.1195,0.6453,0.2475,0.7425,2
RPS13,DPN,0.4732,0.3636,0.586,0.5577,0.9538,0.6816,0.9538,2
RPS14,DPN,-0.1213,0.3668,0.193,0.8469,0.9538,0.8475,0.9538,2
RPS16,DPN,0.8914,1.5020,1.714,0.0865,0.3460,0.1986,0.7944,2
RPS18,DPN,1.7729,1.7721,2.503,0.0123,0.0861,0.0763,0.5236,2
RPS25,DPN,1.1199,-0.4903,0.379,0.7047,0.9538,0.4317,0.9538,2
RPS3,DPN,-0.3674,,-0.367,0.7133,0.9538,0.7133,0.9538,1
RPS3A,DPN,-1.3020,,-1.302,0.1929,0.7440,0.1929,0.6517,1
RPS8,DPN,0.6620,0.6620,0.935,0.3500,0.8347,0.5080,0.9222,2
RPSA,DPN,0.0060,-0.6234,-0.461,0.6445,0.9538,0.9899,0.9899,2
RRBP1,DPN,0.3308,-0.1378,0.117,0.9067,0.9067,0.8471,0.9222,2
RREB1,DPN,1.1482,,1.148,0.2509,0.7945,0.2509,0.6156,1
SLC16A11,DPN,2.2965,,2.297,0.0216,0.2052,0.0216,0.2052,1
ST6GAL1,DPN,0.7656,-1.3547,-0.502,0.6156,0.8569,0.2592,0.6156,2
TUBB,DPN,0.3598,0.3598,0.508,0.6114,0.9538,0.7190,0.9538,2
UBA52,DPN,-0.4531,-0.5212,-0.691,0.4898,0.8559,0.6257,0.9222,2
VCP,DPN,-1.4313,-2.1840,-2.583,0.0098,0.0861,0.0471,0.5189,2
XRCC5,DPN,0.9130,4.3294,3.840,0.0001,0.0028,0.0000,0.0000,2
XRCC6,DPN,0.6607,-0.6925,-0.077,0.9383,0.9731,0.4981,0.9538,2
YWHAQ,DPN,,0.6204,0.620,0.5350,0.9538,0.5350,0.9538,1
